transaction_id,date,city,branch_id,account_no,amount,status
TXN610439,2025-05-08,Delhi,DEL-4,ACC83842,6520.37,FAILED
TXN594147,2025-05-08,Delhi,DEL-4,ACC57907,6812.24,SUCCESS
TXN585185,2025-05-08,Delhi,DEL-4,ACC86975,4282.05,SUCCESS
TXN227352,2025-05-08,Delhi,DEL-4,ACC74066,5418.05,SUCCESS
TXN574828,2025-05-08,Delhi,DEL-4,ACC21669,611.38,PENDING
TXN695674,2025-05-08,Delhi,DEL-4,ACC99490,2527.85,SUCCESS
TXN201688,2025-05-08,Delhi,DEL-4,ACC73201,6756.38,SUCCESS
TXN658320,2025-05-08,Delhi,DEL-4,ACC11695,5072.1,FAILED
TXN539666,2025-05-08,Delhi,DEL-4,ACC68982,6931.28,PENDING
TXN819290,2025-05-08,Delhi,DEL-4,ACC12425,9625.24,SUCCESS
TXN174112,2025-05-08,Delhi,DEL-4,ACC45093,9110.04,SUCCESS
TXN793913,2025-05-08,Delhi,DEL-4,ACC67271,684.99,SUCCESS
TXN425020,2025-05-08,Delhi,DEL-4,ACC24907,7829.83,PENDING
TXN268439,2025-05-08,Delhi,DEL-4,ACC54590,7064.33,SUCCESS
TXN332400,2025-05-08,Delhi,DEL-4,ACC12504,8976.23,SUCCESS
TXN498830,2025-05-08,Delhi,DEL-4,ACC32823,9202.78,FAILED
TXN261558,2025-05-08,Delhi,DEL-4,ACC23279,7679.88,SUCCESS
TXN673469,2025-05-08,Delhi,DEL-4,ACC61633,1963.18,SUCCESS
TXN280821,2025-05-08,Delhi,DEL-4,ACC66574,4689.37,FAILED
TXN446141,2025-05-08,Delhi,DEL-4,ACC22367,1513.32,SUCCESS
TXN250072,2025-05-08,Delhi,DEL-4,ACC17516,7725.01,SUCCESS
TXN145443,2025-05-08,Delhi,DEL-4,ACC51231,7459.35,SUCCESS
TXN341296,2025-05-08,Delhi,DEL-4,ACC22948,5523.3,FAILED
TXN560309,2025-05-08,Delhi,DEL-4,ACC83905,3007.99,SUCCESS
TXN300275,2025-05-08,Delhi,DEL-4,ACC40640,9844.67,SUCCESS
TXN522379,2025-05-08,Delhi,DEL-4,ACC89754,3991.86,SUCCESS
TXN574946,2025-05-08,Delhi,DEL-4,ACC58745,9543.56,SUCCESS
TXN984786,2025-05-08,Delhi,DEL-4,ACC80200,1617.7,SUCCESS
TXN868451,2025-05-08,Delhi,DEL-4,ACC13443,2314.92,SUCCESS
TXN815159,2025-05-08,Delhi,DEL-4,ACC40214,638.29,SUCCESS
TXN698861,2025-05-08,Delhi,DEL-4,ACC44162,6809.66,SUCCESS
TXN893942,2025-05-08,Delhi,DEL-4,ACC38268,7115.81,SUCCESS
TXN401213,2025-05-08,Delhi,DEL-4,ACC12778,7537.23,SUCCESS
TXN502470,2025-05-08,Delhi,DEL-4,ACC83173,9837.44,SUCCESS
TXN706352,2025-05-08,Delhi,DEL-4,ACC78136,1645.04,PENDING
TXN825704,2025-05-08,Delhi,DEL-4,ACC78902,9425.86,FAILED
TXN640286,2025-05-08,Delhi,DEL-4,ACC43582,6422.16,SUCCESS
TXN840324,2025-05-08,Delhi,DEL-4,ACC18031,6530.64,SUCCESS
TXN553459,2025-05-08,Delhi,DEL-4,ACC39967,9645.56,FAILED
TXN809259,2025-05-08,Delhi,DEL-4,ACC94947,490.06,SUCCESS
TXN683467,2025-05-08,Delhi,DEL-4,ACC16141,9708.25,SUCCESS
TXN586341,2025-05-08,Delhi,DEL-4,ACC91305,8992.34,SUCCESS
TXN188360,2025-05-08,Delhi,DEL-4,ACC14407,127.9,SUCCESS
TXN406799,2025-05-08,Delhi,DEL-4,ACC23364,7797.53,SUCCESS
TXN878350,2025-05-08,Delhi,DEL-4,ACC96261,181.01,SUCCESS
TXN746721,2025-05-08,Delhi,DEL-4,ACC32826,2632.83,SUCCESS
TXN893231,2025-05-08,Delhi,DEL-4,ACC74810,7838.98,SUCCESS
TXN968376,2025-05-08,Delhi,DEL-4,ACC41295,8960.94,SUCCESS
TXN562931,2025-05-08,Delhi,DEL-4,ACC80638,7910.88,FAILED
TXN495203,2025-05-08,Delhi,DEL-4,ACC45038,4564.95,SUCCESS
TXN274360,2025-05-08,Delhi,DEL-4,ACC70861,8643.44,SUCCESS
TXN233517,2025-05-08,Delhi,DEL-4,ACC88903,1364.85,SUCCESS
TXN823790,2025-05-08,Delhi,DEL-4,ACC58455,7468.6,SUCCESS
TXN167720,2025-05-08,Delhi,DEL-4,ACC66560,9714.33,SUCCESS
TXN303971,2025-05-08,Delhi,DEL-4,ACC13543,9865.05,FAILED
TXN285210,2025-05-08,Delhi,DEL-4,ACC90027,9666.81,SUCCESS
TXN903392,2025-05-08,Delhi,DEL-4,ACC25824,666.79,FAILED
TXN626239,2025-05-08,Delhi,DEL-4,ACC61702,2146.66,SUCCESS
TXN697120,2025-05-08,Delhi,DEL-4,ACC44127,1478.02,SUCCESS
TXN506058,2025-05-08,Delhi,DEL-4,ACC23066,2379.71,SUCCESS
TXN476948,2025-05-08,Delhi,DEL-4,ACC19805,2269.18,FAILED
TXN960867,2025-05-08,Delhi,DEL-4,ACC29412,9735.15,PENDING
TXN960954,2025-05-08,Delhi,DEL-4,ACC80761,3943.05,FAILED
TXN117362,2025-05-08,Delhi,DEL-4,ACC17461,5972.29,FAILED
TXN446622,2025-05-08,Delhi,DEL-4,ACC85892,6624.09,FAILED
TXN120398,2025-05-08,Delhi,DEL-4,ACC83000,6290.48,SUCCESS
TXN960430,2025-05-08,Delhi,DEL-4,ACC71060,5817.36,SUCCESS
TXN602701,2025-05-08,Delhi,DEL-4,ACC38206,8730.43,FAILED
TXN681275,2025-05-08,Delhi,DEL-4,ACC36338,4523.1,FAILED
TXN568266,2025-05-08,Delhi,DEL-4,ACC28769,3457.32,SUCCESS
TXN845778,2025-05-08,Delhi,DEL-4,ACC69104,5539.49,PENDING
TXN219948,2025-05-08,Delhi,DEL-4,ACC49597,6448.81,SUCCESS
TXN409742,2025-05-08,Delhi,DEL-4,ACC96240,9810.58,SUCCESS
TXN841288,2025-05-08,Delhi,DEL-4,ACC86445,9395.72,SUCCESS
TXN243095,2025-05-08,Delhi,DEL-4,ACC94104,3896.51,SUCCESS
TXN103002,2025-05-08,Delhi,DEL-4,ACC68429,1974.96,SUCCESS
TXN529992,2025-05-08,Delhi,DEL-4,ACC42089,9355.35,SUCCESS
TXN720689,2025-05-08,Delhi,DEL-4,ACC20584,1151.59,SUCCESS
TXN424825,2025-05-08,Delhi,DEL-4,ACC47874,4391.55,SUCCESS
TXN419590,2025-05-08,Delhi,DEL-4,ACC10009,2876.83,SUCCESS
TXN956940,2025-05-08,Delhi,DEL-4,ACC35489,8059.5,SUCCESS
TXN112903,2025-05-08,Delhi,DEL-4,ACC55004,1455.61,FAILED
TXN346447,2025-05-08,Delhi,DEL-4,ACC52273,8571.51,SUCCESS
TXN524139,2025-05-08,Delhi,DEL-4,ACC15791,9676.49,SUCCESS
TXN728312,2025-05-08,Delhi,DEL-4,ACC39998,8057.14,SUCCESS
TXN865139,2025-05-08,Delhi,DEL-4,ACC12006,4969.78,SUCCESS
TXN762330,2025-05-08,Delhi,DEL-4,ACC11261,9107.65,SUCCESS
TXN610138,2025-05-08,Delhi,DEL-4,ACC35499,7605.96,FAILED
TXN646800,2025-05-08,Delhi,DEL-4,ACC36160,6621.58,SUCCESS
TXN563962,2025-05-08,Delhi,DEL-4,ACC39908,4388.88,SUCCESS
TXN291949,2025-05-08,Delhi,DEL-4,ACC99374,7412.76,SUCCESS
TXN435308,2025-05-08,Delhi,DEL-4,ACC20093,1707.0,SUCCESS
TXN232228,2025-05-08,Delhi,DEL-4,ACC66003,5784.05,FAILED
TXN461708,2025-05-08,Delhi,DEL-4,ACC51015,290.08,SUCCESS
TXN989050,2025-05-08,Delhi,DEL-4,ACC50692,9687.69,SUCCESS
TXN867784,2025-05-08,Delhi,DEL-4,ACC32804,1511.7,SUCCESS
TXN923437,2025-05-08,Delhi,DEL-4,ACC71487,7465.56,SUCCESS
TXN255955,2025-05-08,Delhi,DEL-4,ACC97157,1065.49,SUCCESS
TXN372014,2025-05-08,Delhi,DEL-4,ACC46981,6179.71,SUCCESS
TXN482970,2025-05-08,Delhi,DEL-4,ACC10224,9345.87,FAILED
TXN527732,2025-05-07,Delhi,DEL-4,ACC11444,6268.8,SUCCESS
TXN449056,2025-05-07,Delhi,DEL-4,ACC40367,1596.94,SUCCESS
TXN287909,2025-05-07,Delhi,DEL-4,ACC26426,2704.1,SUCCESS
TXN903173,2025-05-07,Delhi,DEL-4,ACC32197,6698.64,FAILED
TXN615997,2025-05-07,Delhi,DEL-4,ACC91348,990.84,FAILED
TXN616635,2025-05-07,Delhi,DEL-4,ACC96603,4774.25,SUCCESS
TXN673953,2025-05-07,Delhi,DEL-4,ACC53105,3193.13,SUCCESS
TXN912749,2025-05-07,Delhi,DEL-4,ACC58390,5669.12,SUCCESS
TXN346846,2025-05-07,Delhi,DEL-4,ACC83172,8363.2,SUCCESS
TXN151352,2025-05-07,Delhi,DEL-4,ACC99461,5435.7,SUCCESS
TXN413414,2025-05-07,Delhi,DEL-4,ACC77931,3102.9,SUCCESS
TXN104988,2025-05-07,Delhi,DEL-4,ACC82055,2648.79,SUCCESS
TXN260203,2025-05-07,Delhi,DEL-4,ACC40189,9730.74,SUCCESS
TXN956174,2025-05-07,Delhi,DEL-4,ACC63761,9710.28,SUCCESS
TXN818227,2025-05-07,Delhi,DEL-4,ACC20481,9140.28,SUCCESS
TXN366938,2025-05-07,Delhi,DEL-4,ACC12687,5061.73,SUCCESS
TXN997110,2025-05-07,Delhi,DEL-4,ACC40746,6890.6,SUCCESS
TXN533860,2025-05-07,Delhi,DEL-4,ACC75994,5947.23,SUCCESS
TXN634745,2025-05-07,Delhi,DEL-4,ACC34511,952.16,SUCCESS
TXN567574,2025-05-07,Delhi,DEL-4,ACC47753,4281.27,SUCCESS
TXN290314,2025-05-07,Delhi,DEL-4,ACC96366,5381.91,SUCCESS
TXN211785,2025-05-07,Delhi,DEL-4,ACC74298,7863.26,SUCCESS
TXN350615,2025-05-07,Delhi,DEL-4,ACC50742,260.08,SUCCESS
TXN929263,2025-05-07,Delhi,DEL-4,ACC80458,2557.67,SUCCESS
TXN336536,2025-05-07,Delhi,DEL-4,ACC23341,8144.42,SUCCESS
TXN424423,2025-05-07,Delhi,DEL-4,ACC46200,5440.63,SUCCESS
TXN349265,2025-05-07,Delhi,DEL-4,ACC47315,6624.59,SUCCESS
TXN232866,2025-05-07,Delhi,DEL-4,ACC75388,1118.17,SUCCESS
TXN393456,2025-05-07,Delhi,DEL-4,ACC17317,7808.78,SUCCESS
TXN486308,2025-05-07,Delhi,DEL-4,ACC88129,2993.93,SUCCESS
TXN354287,2025-05-07,Delhi,DEL-4,ACC35489,9785.8,SUCCESS
TXN117198,2025-05-07,Delhi,DEL-4,ACC89443,7962.82,SUCCESS
TXN117721,2025-05-07,Delhi,DEL-4,ACC19489,3644.51,SUCCESS
TXN250560,2025-05-07,Delhi,DEL-4,ACC97798,7499.79,SUCCESS
TXN753343,2025-05-07,Delhi,DEL-4,ACC51004,945.52,SUCCESS
TXN790073,2025-05-07,Delhi,DEL-4,ACC71811,9928.0,SUCCESS
TXN120165,2025-05-07,Delhi,DEL-4,ACC33355,1381.82,SUCCESS
TXN183789,2025-05-07,Delhi,DEL-4,ACC43889,2055.09,SUCCESS
TXN750627,2025-05-07,Delhi,DEL-4,ACC66701,9758.93,FAILED
TXN193973,2025-05-07,Delhi,DEL-4,ACC65183,8630.67,SUCCESS
TXN342754,2025-05-07,Delhi,DEL-4,ACC17395,8730.44,SUCCESS
TXN414160,2025-05-07,Delhi,DEL-4,ACC92532,5398.36,FAILED
TXN811410,2025-05-07,Delhi,DEL-4,ACC61376,679.9,SUCCESS
TXN976037,2025-05-07,Delhi,DEL-4,ACC41102,7154.79,SUCCESS
TXN764350,2025-05-07,Delhi,DEL-4,ACC57166,4661.03,SUCCESS
TXN178985,2025-05-07,Delhi,DEL-4,ACC87258,8456.6,FAILED
TXN650838,2025-05-07,Delhi,DEL-4,ACC64552,6416.66,SUCCESS
TXN454694,2025-05-07,Delhi,DEL-4,ACC35722,4306.9,SUCCESS
TXN586309,2025-05-07,Delhi,DEL-4,ACC96753,600.46,SUCCESS
TXN633830,2025-05-07,Delhi,DEL-4,ACC27358,8306.77,SUCCESS
TXN281686,2025-05-07,Delhi,DEL-4,ACC63354,4462.74,SUCCESS
TXN137089,2025-05-07,Delhi,DEL-4,ACC34315,2113.72,SUCCESS
TXN600189,2025-05-07,Delhi,DEL-4,ACC61026,1163.2,SUCCESS
TXN928541,2025-05-07,Delhi,DEL-4,ACC21935,6747.56,SUCCESS
TXN455803,2025-05-07,Delhi,DEL-4,ACC22054,9084.42,SUCCESS
TXN501504,2025-05-07,Delhi,DEL-4,ACC57800,9088.78,SUCCESS
TXN776403,2025-05-07,Delhi,DEL-4,ACC46018,8304.94,SUCCESS
TXN992334,2025-05-07,Delhi,DEL-4,ACC57955,9306.07,SUCCESS
TXN498888,2025-05-07,Delhi,DEL-4,ACC84162,206.42,SUCCESS
TXN964741,2025-05-07,Delhi,DEL-4,ACC11754,4546.99,SUCCESS
TXN841031,2025-05-07,Delhi,DEL-4,ACC97554,7158.76,SUCCESS
TXN235820,2025-05-07,Delhi,DEL-4,ACC24176,2458.92,FAILED
TXN771085,2025-05-07,Delhi,DEL-4,ACC42099,8912.83,SUCCESS
TXN486068,2025-05-07,Delhi,DEL-4,ACC99464,6637.52,SUCCESS
TXN336841,2025-05-07,Delhi,DEL-4,ACC13792,8150.35,FAILED
TXN112173,2025-05-07,Delhi,DEL-4,ACC40444,8910.08,PENDING
TXN220669,2025-05-07,Delhi,DEL-4,ACC22944,8372.97,SUCCESS
TXN797762,2025-05-07,Delhi,DEL-4,ACC97136,2864.49,SUCCESS
TXN954760,2025-05-07,Delhi,DEL-4,ACC81630,398.04,SUCCESS
TXN740839,2025-05-07,Delhi,DEL-4,ACC39939,5212.53,SUCCESS
TXN991370,2025-05-07,Delhi,DEL-4,ACC25378,9020.79,SUCCESS
TXN139122,2025-05-07,Delhi,DEL-4,ACC36881,8771.42,SUCCESS
TXN190487,2025-05-07,Delhi,DEL-4,ACC16819,1432.55,SUCCESS
TXN431098,2025-05-07,Delhi,DEL-4,ACC61370,9347.42,FAILED
TXN700817,2025-05-07,Delhi,DEL-4,ACC55026,5672.75,SUCCESS
TXN986262,2025-05-07,Delhi,DEL-4,ACC54280,5571.81,SUCCESS
TXN106151,2025-05-07,Delhi,DEL-4,ACC17267,8110.03,SUCCESS
TXN737541,2025-05-07,Delhi,DEL-4,ACC92067,9543.18,SUCCESS
TXN965639,2025-05-07,Delhi,DEL-4,ACC37594,5102.09,SUCCESS
TXN430456,2025-05-07,Delhi,DEL-4,ACC49012,463.4,SUCCESS
TXN388331,2025-05-07,Delhi,DEL-4,ACC39847,3513.54,SUCCESS
TXN351785,2025-05-07,Delhi,DEL-4,ACC87103,9579.1,FAILED
TXN928014,2025-05-07,Delhi,DEL-4,ACC97633,3941.05,SUCCESS
TXN591131,2025-05-07,Delhi,DEL-4,ACC12304,6889.29,SUCCESS
TXN380262,2025-05-07,Delhi,DEL-4,ACC84809,6189.8,SUCCESS
TXN204022,2025-05-07,Delhi,DEL-4,ACC60261,2494.9,SUCCESS
TXN857802,2025-05-07,Delhi,DEL-4,ACC19002,3364.54,SUCCESS
TXN940800,2025-05-07,Delhi,DEL-4,ACC85687,4006.79,PENDING
TXN348112,2025-05-07,Delhi,DEL-4,ACC10429,3862.26,FAILED
TXN135811,2025-05-07,Delhi,DEL-4,ACC34918,848.35,SUCCESS
TXN382875,2025-05-07,Delhi,DEL-4,ACC37092,4057.23,SUCCESS
TXN867444,2025-05-07,Delhi,DEL-4,ACC62091,9555.44,FAILED
TXN343020,2025-05-07,Delhi,DEL-4,ACC92301,8524.97,PENDING
TXN867665,2025-05-07,Delhi,DEL-4,ACC77681,9972.03,SUCCESS
TXN504368,2025-05-07,Delhi,DEL-4,ACC63687,1114.48,FAILED
TXN939102,2025-05-07,Delhi,DEL-4,ACC32841,5960.32,SUCCESS
TXN173852,2025-05-07,Delhi,DEL-4,ACC24298,2663.46,FAILED
TXN290226,2025-05-07,Delhi,DEL-4,ACC40348,9487.26,SUCCESS
TXN361743,2025-05-07,Delhi,DEL-4,ACC72848,7194.77,SUCCESS
TXN835640,2025-05-07,Delhi,DEL-4,ACC51588,5232.23,SUCCESS
TXN646176,2025-05-06,Delhi,DEL-4,ACC68343,3080.78,SUCCESS
TXN942494,2025-05-06,Delhi,DEL-4,ACC75882,9711.6,PENDING
TXN562899,2025-05-06,Delhi,DEL-4,ACC12005,8768.31,SUCCESS
TXN610689,2025-05-06,Delhi,DEL-4,ACC46568,2235.18,SUCCESS
TXN914894,2025-05-06,Delhi,DEL-4,ACC21471,5343.76,FAILED
TXN290601,2025-05-06,Delhi,DEL-4,ACC98408,4263.02,SUCCESS
TXN979763,2025-05-06,Delhi,DEL-4,ACC69598,6562.33,SUCCESS
TXN634852,2025-05-06,Delhi,DEL-4,ACC40616,3658.31,SUCCESS
TXN425494,2025-05-06,Delhi,DEL-4,ACC96200,2014.55,SUCCESS
TXN648542,2025-05-06,Delhi,DEL-4,ACC27971,6560.06,SUCCESS
TXN580015,2025-05-06,Delhi,DEL-4,ACC63510,7245.38,FAILED
TXN256838,2025-05-06,Delhi,DEL-4,ACC80279,9597.28,SUCCESS
TXN832199,2025-05-06,Delhi,DEL-4,ACC96656,409.19,SUCCESS
TXN527548,2025-05-06,Delhi,DEL-4,ACC50324,5302.41,SUCCESS
TXN912464,2025-05-06,Delhi,DEL-4,ACC62071,9012.96,SUCCESS
TXN469638,2025-05-06,Delhi,DEL-4,ACC33611,4623.31,SUCCESS
TXN482590,2025-05-06,Delhi,DEL-4,ACC43920,1102.09,SUCCESS
TXN752286,2025-05-06,Delhi,DEL-4,ACC71682,4482.14,SUCCESS
TXN934348,2025-05-06,Delhi,DEL-4,ACC11479,1733.8,SUCCESS
TXN514469,2025-05-06,Delhi,DEL-4,ACC43636,9726.56,SUCCESS
TXN951065,2025-05-06,Delhi,DEL-4,ACC75632,3937.52,SUCCESS
TXN512947,2025-05-06,Delhi,DEL-4,ACC63107,4161.27,SUCCESS
TXN737316,2025-05-06,Delhi,DEL-4,ACC38411,1452.8,FAILED
TXN985431,2025-05-06,Delhi,DEL-4,ACC66214,576.7,FAILED
TXN647972,2025-05-06,Delhi,DEL-4,ACC80536,9973.92,SUCCESS
TXN755974,2025-05-06,Delhi,DEL-4,ACC40741,8681.8,SUCCESS
TXN630501,2025-05-06,Delhi,DEL-4,ACC76351,2273.45,SUCCESS
TXN700657,2025-05-06,Delhi,DEL-4,ACC82155,8947.8,SUCCESS
TXN811463,2025-05-06,Delhi,DEL-4,ACC93145,7663.09,SUCCESS
TXN129833,2025-05-06,Delhi,DEL-4,ACC33003,1643.33,FAILED
TXN182904,2025-05-06,Delhi,DEL-4,ACC79178,1101.28,SUCCESS
TXN362318,2025-05-06,Delhi,DEL-4,ACC30610,8488.88,SUCCESS
TXN653345,2025-05-06,Delhi,DEL-4,ACC54120,7347.95,SUCCESS
TXN262671,2025-05-06,Delhi,DEL-4,ACC10254,7750.5,SUCCESS
TXN879601,2025-05-06,Delhi,DEL-4,ACC63758,7783.17,SUCCESS
TXN543878,2025-05-06,Delhi,DEL-4,ACC49774,4855.86,SUCCESS
TXN332202,2025-05-06,Delhi,DEL-4,ACC69990,6051.13,FAILED
TXN504283,2025-05-06,Delhi,DEL-4,ACC87609,5306.11,FAILED
TXN279405,2025-05-06,Delhi,DEL-4,ACC79499,7516.82,SUCCESS
TXN102439,2025-05-06,Delhi,DEL-4,ACC24925,6722.18,SUCCESS
TXN308101,2025-05-06,Delhi,DEL-4,ACC50274,1928.18,SUCCESS
TXN923948,2025-05-06,Delhi,DEL-4,ACC37081,1583.68,SUCCESS
TXN554469,2025-05-06,Delhi,DEL-4,ACC65243,6358.26,SUCCESS
TXN568957,2025-05-06,Delhi,DEL-4,ACC63829,9616.93,SUCCESS
TXN217653,2025-05-06,Delhi,DEL-4,ACC34869,8086.03,SUCCESS
TXN461444,2025-05-06,Delhi,DEL-4,ACC46692,6992.74,SUCCESS
TXN256601,2025-05-06,Delhi,DEL-4,ACC71464,4449.64,SUCCESS
TXN978298,2025-05-06,Delhi,DEL-4,ACC71045,3323.28,SUCCESS
TXN883560,2025-05-06,Delhi,DEL-4,ACC30004,1695.96,FAILED
TXN954768,2025-05-06,Delhi,DEL-4,ACC62802,6129.78,SUCCESS
TXN751440,2025-05-06,Delhi,DEL-4,ACC49228,7557.07,SUCCESS
TXN729844,2025-05-06,Delhi,DEL-4,ACC47282,9639.66,SUCCESS
TXN706984,2025-05-06,Delhi,DEL-4,ACC46239,4589.73,FAILED
TXN118496,2025-05-06,Delhi,DEL-4,ACC13485,6164.54,SUCCESS
TXN277013,2025-05-06,Delhi,DEL-4,ACC88816,3531.61,SUCCESS
TXN239747,2025-05-06,Delhi,DEL-4,ACC96957,6616.91,SUCCESS
TXN877358,2025-05-06,Delhi,DEL-4,ACC58204,8788.65,SUCCESS
TXN768712,2025-05-06,Delhi,DEL-4,ACC61157,4880.86,SUCCESS
TXN189083,2025-05-06,Delhi,DEL-4,ACC90546,4972.93,SUCCESS
TXN224300,2025-05-06,Delhi,DEL-4,ACC99896,6989.01,SUCCESS
TXN158881,2025-05-06,Delhi,DEL-4,ACC57465,4972.01,SUCCESS
TXN640024,2025-05-06,Delhi,DEL-4,ACC45656,8405.62,SUCCESS
TXN683812,2025-05-06,Delhi,DEL-4,ACC73758,9730.53,PENDING
TXN139531,2025-05-06,Delhi,DEL-4,ACC27916,9210.01,SUCCESS
TXN119280,2025-05-06,Delhi,DEL-4,ACC46625,3609.26,SUCCESS
TXN999031,2025-05-06,Delhi,DEL-4,ACC51641,5971.68,SUCCESS
TXN771358,2025-05-06,Delhi,DEL-4,ACC73986,3464.81,SUCCESS
TXN525758,2025-05-06,Delhi,DEL-4,ACC12082,5677.26,SUCCESS
TXN623762,2025-05-06,Delhi,DEL-4,ACC80363,7481.4,SUCCESS
TXN377966,2025-05-06,Delhi,DEL-4,ACC43493,5433.15,SUCCESS
TXN666654,2025-05-06,Delhi,DEL-4,ACC78603,9777.02,SUCCESS
TXN900994,2025-05-06,Delhi,DEL-4,ACC23326,519.96,FAILED
TXN604570,2025-05-06,Delhi,DEL-4,ACC42351,3486.91,SUCCESS
TXN983283,2025-05-06,Delhi,DEL-4,ACC28061,814.44,SUCCESS
TXN727893,2025-05-06,Delhi,DEL-4,ACC97255,4384.39,SUCCESS
TXN951585,2025-05-06,Delhi,DEL-4,ACC10705,9790.93,SUCCESS
TXN326674,2025-05-06,Delhi,DEL-4,ACC29976,8306.59,SUCCESS
TXN441666,2025-05-06,Delhi,DEL-4,ACC48857,8792.6,SUCCESS
TXN701735,2025-05-06,Delhi,DEL-4,ACC47361,3616.51,FAILED
TXN974876,2025-05-06,Delhi,DEL-4,ACC20491,5893.45,FAILED
TXN665937,2025-05-06,Delhi,DEL-4,ACC52723,7169.15,SUCCESS
TXN834693,2025-05-06,Delhi,DEL-4,ACC79704,4607.18,SUCCESS
TXN305762,2025-05-06,Delhi,DEL-4,ACC80790,4146.21,FAILED
TXN611196,2025-05-06,Delhi,DEL-4,ACC48194,7810.42,SUCCESS
TXN170589,2025-05-06,Delhi,DEL-4,ACC68693,898.4,FAILED
TXN436517,2025-05-06,Delhi,DEL-4,ACC31249,5634.0,SUCCESS
TXN987133,2025-05-06,Delhi,DEL-4,ACC13471,4564.84,SUCCESS
TXN753851,2025-05-06,Delhi,DEL-4,ACC23298,2172.53,FAILED
TXN223773,2025-05-06,Delhi,DEL-4,ACC91329,1443.32,SUCCESS
TXN339230,2025-05-06,Delhi,DEL-4,ACC63636,5901.56,SUCCESS
TXN561364,2025-05-06,Delhi,DEL-4,ACC33250,1452.42,PENDING
TXN264200,2025-05-06,Delhi,DEL-4,ACC11452,6238.34,SUCCESS
TXN433846,2025-05-06,Delhi,DEL-4,ACC24120,6100.92,SUCCESS
TXN750853,2025-05-06,Delhi,DEL-4,ACC18939,719.91,SUCCESS
TXN890143,2025-05-06,Delhi,DEL-4,ACC11818,6595.99,SUCCESS
TXN788268,2025-05-06,Delhi,DEL-4,ACC54734,5278.23,SUCCESS
TXN139790,2025-05-06,Delhi,DEL-4,ACC53273,2243.09,SUCCESS
TXN392311,2025-05-06,Delhi,DEL-4,ACC65913,8553.96,SUCCESS
TXN452745,2025-05-06,Delhi,DEL-4,ACC18103,5013.73,SUCCESS
TXN259903,2025-05-06,Delhi,DEL-4,ACC71025,7069.67,SUCCESS
TXN537322,2025-05-05,Delhi,DEL-4,ACC59708,3217.79,SUCCESS
TXN218373,2025-05-05,Delhi,DEL-4,ACC89282,7543.51,SUCCESS
TXN481983,2025-05-05,Delhi,DEL-4,ACC83182,1147.62,SUCCESS
TXN346141,2025-05-05,Delhi,DEL-4,ACC97646,2798.21,PENDING
TXN844083,2025-05-05,Delhi,DEL-4,ACC22467,511.33,SUCCESS
TXN749328,2025-05-05,Delhi,DEL-4,ACC41249,6280.78,FAILED
TXN527318,2025-05-05,Delhi,DEL-4,ACC23358,8318.19,FAILED
TXN737545,2025-05-05,Delhi,DEL-4,ACC29437,6867.84,SUCCESS
TXN350864,2025-05-05,Delhi,DEL-4,ACC87828,7019.77,SUCCESS
TXN647429,2025-05-05,Delhi,DEL-4,ACC80776,2818.93,SUCCESS
TXN939222,2025-05-05,Delhi,DEL-4,ACC88915,4978.48,FAILED
TXN179007,2025-05-05,Delhi,DEL-4,ACC34715,297.56,SUCCESS
TXN506253,2025-05-05,Delhi,DEL-4,ACC79080,7278.32,SUCCESS
TXN257365,2025-05-05,Delhi,DEL-4,ACC81341,7099.79,FAILED
TXN498663,2025-05-05,Delhi,DEL-4,ACC83307,1491.44,SUCCESS
TXN826220,2025-05-05,Delhi,DEL-4,ACC67531,9954.48,SUCCESS
TXN600691,2025-05-05,Delhi,DEL-4,ACC60046,154.75,SUCCESS
TXN636407,2025-05-05,Delhi,DEL-4,ACC56382,5928.72,SUCCESS
TXN355337,2025-05-05,Delhi,DEL-4,ACC84542,1353.49,SUCCESS
TXN399682,2025-05-05,Delhi,DEL-4,ACC20253,7060.65,SUCCESS
TXN487096,2025-05-05,Delhi,DEL-4,ACC24010,8056.83,SUCCESS
TXN387191,2025-05-05,Delhi,DEL-4,ACC28474,5337.42,FAILED
TXN401118,2025-05-05,Delhi,DEL-4,ACC37007,4527.01,SUCCESS
TXN548619,2025-05-05,Delhi,DEL-4,ACC66936,2165.32,SUCCESS
TXN282553,2025-05-05,Delhi,DEL-4,ACC97583,9159.66,SUCCESS
TXN741882,2025-05-05,Delhi,DEL-4,ACC10067,2167.13,FAILED
TXN647625,2025-05-05,Delhi,DEL-4,ACC78959,2366.46,SUCCESS
TXN399047,2025-05-05,Delhi,DEL-4,ACC36736,4508.67,SUCCESS
TXN525183,2025-05-05,Delhi,DEL-4,ACC99881,1684.35,SUCCESS
TXN304780,2025-05-05,Delhi,DEL-4,ACC85758,9469.41,FAILED
TXN582904,2025-05-05,Delhi,DEL-4,ACC23740,9943.81,FAILED
TXN366137,2025-05-05,Delhi,DEL-4,ACC73139,5029.86,SUCCESS
TXN409748,2025-05-05,Delhi,DEL-4,ACC87606,4873.03,SUCCESS
TXN126600,2025-05-05,Delhi,DEL-4,ACC89157,6968.91,SUCCESS
TXN241172,2025-05-05,Delhi,DEL-4,ACC37775,9268.63,SUCCESS
TXN339057,2025-05-05,Delhi,DEL-4,ACC90079,4201.38,SUCCESS
TXN620870,2025-05-05,Delhi,DEL-4,ACC86496,8234.76,SUCCESS
TXN143270,2025-05-05,Delhi,DEL-4,ACC99600,5349.73,SUCCESS
TXN361002,2025-05-05,Delhi,DEL-4,ACC24028,4175.96,SUCCESS
TXN631747,2025-05-05,Delhi,DEL-4,ACC43251,2542.27,SUCCESS
TXN462246,2025-05-05,Delhi,DEL-4,ACC41756,4598.19,SUCCESS
TXN847673,2025-05-05,Delhi,DEL-4,ACC20422,8105.8,SUCCESS
TXN994605,2025-05-05,Delhi,DEL-4,ACC33896,4562.12,SUCCESS
TXN348479,2025-05-05,Delhi,DEL-4,ACC85519,7017.74,FAILED
TXN176757,2025-05-05,Delhi,DEL-4,ACC55689,2810.32,SUCCESS
TXN663434,2025-05-05,Delhi,DEL-4,ACC41402,522.08,SUCCESS
TXN875550,2025-05-05,Delhi,DEL-4,ACC43105,3683.93,FAILED
TXN821467,2025-05-05,Delhi,DEL-4,ACC59193,6020.49,FAILED
TXN573496,2025-05-05,Delhi,DEL-4,ACC15726,6503.3,FAILED
TXN657715,2025-05-05,Delhi,DEL-4,ACC78943,8647.66,SUCCESS
TXN694374,2025-05-05,Delhi,DEL-4,ACC81704,4900.48,SUCCESS
TXN228462,2025-05-05,Delhi,DEL-4,ACC24449,7774.98,SUCCESS
TXN180019,2025-05-05,Delhi,DEL-4,ACC97767,9316.26,FAILED
TXN580189,2025-05-05,Delhi,DEL-4,ACC93628,5257.27,SUCCESS
TXN776346,2025-05-05,Delhi,DEL-4,ACC44251,5502.28,SUCCESS
TXN526624,2025-05-05,Delhi,DEL-4,ACC99393,941.41,SUCCESS
TXN308070,2025-05-05,Delhi,DEL-4,ACC43814,435.83,FAILED
TXN377090,2025-05-05,Delhi,DEL-4,ACC19773,3010.07,SUCCESS
TXN969722,2025-05-05,Delhi,DEL-4,ACC66230,4125.65,SUCCESS
TXN717519,2025-05-05,Delhi,DEL-4,ACC29358,9359.94,SUCCESS
TXN416440,2025-05-05,Delhi,DEL-4,ACC74522,6174.7,SUCCESS
TXN434544,2025-05-05,Delhi,DEL-4,ACC93688,2879.37,SUCCESS
TXN409790,2025-05-05,Delhi,DEL-4,ACC76270,3812.71,SUCCESS
TXN410408,2025-05-05,Delhi,DEL-4,ACC81127,8872.38,SUCCESS
TXN928489,2025-05-05,Delhi,DEL-4,ACC83883,3227.33,SUCCESS
TXN422947,2025-05-05,Delhi,DEL-4,ACC42842,8983.61,PENDING
TXN403367,2025-05-05,Delhi,DEL-4,ACC47438,2601.84,SUCCESS
TXN316648,2025-05-05,Delhi,DEL-4,ACC95789,7568.19,SUCCESS
TXN628447,2025-05-05,Delhi,DEL-4,ACC54810,6630.3,SUCCESS
TXN392032,2025-05-05,Delhi,DEL-4,ACC90251,2827.13,SUCCESS
TXN323211,2025-05-05,Delhi,DEL-4,ACC95331,4858.66,SUCCESS
TXN171216,2025-05-05,Delhi,DEL-4,ACC96767,2868.01,FAILED
TXN782913,2025-05-05,Delhi,DEL-4,ACC53741,4299.47,SUCCESS
TXN382906,2025-05-05,Delhi,DEL-4,ACC56223,3040.89,SUCCESS
TXN175472,2025-05-05,Delhi,DEL-4,ACC16128,9121.08,SUCCESS
TXN985476,2025-05-05,Delhi,DEL-4,ACC72655,3417.1,SUCCESS
TXN172041,2025-05-05,Delhi,DEL-4,ACC29725,2614.49,SUCCESS
TXN920982,2025-05-05,Delhi,DEL-4,ACC27313,6201.66,PENDING
TXN477783,2025-05-05,Delhi,DEL-4,ACC54524,7296.88,SUCCESS
TXN401429,2025-05-05,Delhi,DEL-4,ACC56485,476.81,SUCCESS
TXN737517,2025-05-05,Delhi,DEL-4,ACC42829,2546.01,FAILED
TXN217260,2025-05-05,Delhi,DEL-4,ACC51514,1468.2,SUCCESS
TXN633124,2025-05-05,Delhi,DEL-4,ACC40055,5755.97,FAILED
TXN937554,2025-05-05,Delhi,DEL-4,ACC98121,7246.16,FAILED
TXN483452,2025-05-05,Delhi,DEL-4,ACC85973,1570.32,SUCCESS
TXN787289,2025-05-05,Delhi,DEL-4,ACC26798,8414.21,FAILED
TXN563591,2025-05-05,Delhi,DEL-4,ACC10049,360.84,FAILED
TXN635406,2025-05-05,Delhi,DEL-4,ACC62970,1484.5,PENDING
TXN616878,2025-05-05,Delhi,DEL-4,ACC17073,1498.96,PENDING
TXN331525,2025-05-05,Delhi,DEL-4,ACC97923,610.44,SUCCESS
TXN939103,2025-05-05,Delhi,DEL-4,ACC28062,8500.55,SUCCESS
TXN439687,2025-05-05,Delhi,DEL-4,ACC62701,3756.29,SUCCESS
TXN782708,2025-05-05,Delhi,DEL-4,ACC81124,9879.02,FAILED
TXN785931,2025-05-05,Delhi,DEL-4,ACC90627,5739.44,SUCCESS
TXN705858,2025-05-05,Delhi,DEL-4,ACC19307,3857.99,FAILED
TXN871238,2025-05-05,Delhi,DEL-4,ACC82188,8193.16,FAILED
TXN122561,2025-05-05,Delhi,DEL-4,ACC55976,4597.21,SUCCESS
TXN587491,2025-05-05,Delhi,DEL-4,ACC41916,2741.21,SUCCESS
TXN171116,2025-05-05,Delhi,DEL-4,ACC94527,1496.52,SUCCESS
TXN984627,2025-05-05,Delhi,DEL-4,ACC55027,1856.82,SUCCESS
TXN380746,2025-05-04,Delhi,DEL-4,ACC31946,8306.26,SUCCESS
TXN625675,2025-05-04,Delhi,DEL-4,ACC62963,5704.36,SUCCESS
TXN912772,2025-05-04,Delhi,DEL-4,ACC24496,8174.8,SUCCESS
TXN623454,2025-05-04,Delhi,DEL-4,ACC96200,1054.55,SUCCESS
TXN568707,2025-05-04,Delhi,DEL-4,ACC27980,6669.65,FAILED
TXN968447,2025-05-04,Delhi,DEL-4,ACC98847,1072.37,SUCCESS
TXN318602,2025-05-04,Delhi,DEL-4,ACC95578,328.53,SUCCESS
TXN711650,2025-05-04,Delhi,DEL-4,ACC63940,1046.9,SUCCESS
TXN262246,2025-05-04,Delhi,DEL-4,ACC12119,9915.68,SUCCESS
TXN664746,2025-05-04,Delhi,DEL-4,ACC83906,4082.5,FAILED
TXN126311,2025-05-04,Delhi,DEL-4,ACC82389,2305.57,SUCCESS
TXN249830,2025-05-04,Delhi,DEL-4,ACC37535,7887.84,FAILED
TXN798793,2025-05-04,Delhi,DEL-4,ACC52567,1880.36,PENDING
TXN358894,2025-05-04,Delhi,DEL-4,ACC20732,664.29,PENDING
TXN353665,2025-05-04,Delhi,DEL-4,ACC28489,9613.75,SUCCESS
TXN400322,2025-05-04,Delhi,DEL-4,ACC70831,6063.77,SUCCESS
TXN731304,2025-05-04,Delhi,DEL-4,ACC20984,7386.92,SUCCESS
TXN881725,2025-05-04,Delhi,DEL-4,ACC35127,2614.97,SUCCESS
TXN736574,2025-05-04,Delhi,DEL-4,ACC75576,3042.18,SUCCESS
TXN254614,2025-05-04,Delhi,DEL-4,ACC46223,5032.97,FAILED
TXN460400,2025-05-04,Delhi,DEL-4,ACC91143,2367.41,SUCCESS
TXN323925,2025-05-04,Delhi,DEL-4,ACC11420,9061.28,SUCCESS
TXN173055,2025-05-04,Delhi,DEL-4,ACC38047,1944.8,SUCCESS
TXN911121,2025-05-04,Delhi,DEL-4,ACC93547,4546.93,FAILED
TXN867244,2025-05-04,Delhi,DEL-4,ACC90423,6138.56,SUCCESS
TXN154638,2025-05-04,Delhi,DEL-4,ACC25159,3261.97,SUCCESS
TXN888914,2025-05-04,Delhi,DEL-4,ACC86275,1521.87,PENDING
TXN659979,2025-05-04,Delhi,DEL-4,ACC86203,8480.04,FAILED
TXN882422,2025-05-04,Delhi,DEL-4,ACC82748,7459.63,FAILED
TXN217887,2025-05-04,Delhi,DEL-4,ACC72242,4234.03,SUCCESS
TXN977837,2025-05-04,Delhi,DEL-4,ACC25192,6178.24,SUCCESS
TXN493892,2025-05-04,Delhi,DEL-4,ACC36595,6506.16,SUCCESS
TXN439172,2025-05-04,Delhi,DEL-4,ACC45094,2913.33,SUCCESS
TXN689360,2025-05-04,Delhi,DEL-4,ACC43551,4994.64,SUCCESS
TXN999726,2025-05-04,Delhi,DEL-4,ACC45963,2465.72,SUCCESS
TXN167244,2025-05-04,Delhi,DEL-4,ACC47614,8807.31,SUCCESS
TXN351643,2025-05-04,Delhi,DEL-4,ACC51694,2573.16,FAILED
TXN884577,2025-05-04,Delhi,DEL-4,ACC15130,5662.03,SUCCESS
TXN846602,2025-05-04,Delhi,DEL-4,ACC52041,2134.48,SUCCESS
TXN109614,2025-05-04,Delhi,DEL-4,ACC84574,720.84,FAILED
TXN201343,2025-05-04,Delhi,DEL-4,ACC86292,3556.07,SUCCESS
TXN406760,2025-05-04,Delhi,DEL-4,ACC86065,2865.13,PENDING
TXN237442,2025-05-04,Delhi,DEL-4,ACC33484,5188.55,SUCCESS
TXN770121,2025-05-04,Delhi,DEL-4,ACC47194,9195.3,FAILED
TXN167081,2025-05-04,Delhi,DEL-4,ACC30745,1461.75,SUCCESS
TXN835100,2025-05-04,Delhi,DEL-4,ACC11791,2446.82,FAILED
TXN654291,2025-05-04,Delhi,DEL-4,ACC26582,9637.12,SUCCESS
TXN411777,2025-05-04,Delhi,DEL-4,ACC92762,1683.5,SUCCESS
TXN450820,2025-05-04,Delhi,DEL-4,ACC74910,5068.83,SUCCESS
TXN527472,2025-05-04,Delhi,DEL-4,ACC61799,1896.2,SUCCESS
TXN870350,2025-05-04,Delhi,DEL-4,ACC45920,534.23,SUCCESS
TXN341309,2025-05-04,Delhi,DEL-4,ACC78690,8032.89,SUCCESS
TXN947165,2025-05-04,Delhi,DEL-4,ACC87410,4592.79,SUCCESS
TXN589101,2025-05-04,Delhi,DEL-4,ACC38985,8311.61,SUCCESS
TXN129145,2025-05-04,Delhi,DEL-4,ACC81142,287.74,SUCCESS
TXN122384,2025-05-04,Delhi,DEL-4,ACC85559,9156.96,SUCCESS
TXN739350,2025-05-04,Delhi,DEL-4,ACC37717,7877.4,SUCCESS
TXN253776,2025-05-04,Delhi,DEL-4,ACC74512,9301.03,SUCCESS
TXN218758,2025-05-04,Delhi,DEL-4,ACC75534,8601.35,SUCCESS
TXN362024,2025-05-04,Delhi,DEL-4,ACC55950,3972.58,SUCCESS
TXN172042,2025-05-04,Delhi,DEL-4,ACC11446,3758.13,SUCCESS
TXN230898,2025-05-04,Delhi,DEL-4,ACC54429,6962.1,SUCCESS
TXN380708,2025-05-04,Delhi,DEL-4,ACC94306,6316.66,SUCCESS
TXN928977,2025-05-04,Delhi,DEL-4,ACC88323,7947.6,SUCCESS
TXN506325,2025-05-04,Delhi,DEL-4,ACC78794,3371.74,SUCCESS
TXN347560,2025-05-04,Delhi,DEL-4,ACC44438,7597.16,PENDING
TXN341225,2025-05-04,Delhi,DEL-4,ACC92612,6244.96,SUCCESS
TXN282038,2025-05-04,Delhi,DEL-4,ACC28684,7748.59,SUCCESS
TXN133704,2025-05-04,Delhi,DEL-4,ACC59535,144.48,SUCCESS
TXN608502,2025-05-04,Delhi,DEL-4,ACC58843,6272.48,SUCCESS
TXN770762,2025-05-04,Delhi,DEL-4,ACC10782,8764.85,SUCCESS
TXN288117,2025-05-04,Delhi,DEL-4,ACC73795,9086.98,SUCCESS
TXN622807,2025-05-04,Delhi,DEL-4,ACC51806,5044.29,FAILED
TXN275158,2025-05-04,Delhi,DEL-4,ACC71957,9431.46,SUCCESS
TXN527911,2025-05-04,Delhi,DEL-4,ACC58896,9596.75,SUCCESS
TXN399425,2025-05-04,Delhi,DEL-4,ACC77640,4491.05,FAILED
TXN393799,2025-05-04,Delhi,DEL-4,ACC98907,8055.47,SUCCESS
TXN833874,2025-05-04,Delhi,DEL-4,ACC31921,8151.44,SUCCESS
TXN845013,2025-05-04,Delhi,DEL-4,ACC19192,4515.83,SUCCESS
TXN288146,2025-05-04,Delhi,DEL-4,ACC85278,9592.97,FAILED
TXN906975,2025-05-04,Delhi,DEL-4,ACC68391,4039.46,SUCCESS
TXN480768,2025-05-04,Delhi,DEL-4,ACC89412,7838.04,SUCCESS
TXN172932,2025-05-04,Delhi,DEL-4,ACC82479,9333.09,SUCCESS
TXN994075,2025-05-04,Delhi,DEL-4,ACC63326,6726.04,FAILED
TXN736544,2025-05-04,Delhi,DEL-4,ACC63105,8422.26,SUCCESS
TXN599669,2025-05-04,Delhi,DEL-4,ACC22611,5083.56,SUCCESS
TXN735563,2025-05-04,Delhi,DEL-4,ACC63862,2124.21,SUCCESS
TXN835714,2025-05-04,Delhi,DEL-4,ACC84826,9887.1,SUCCESS
TXN328112,2025-05-04,Delhi,DEL-4,ACC70934,9695.77,SUCCESS
TXN629865,2025-05-04,Delhi,DEL-4,ACC62677,1130.73,SUCCESS
TXN174459,2025-05-04,Delhi,DEL-4,ACC26585,1631.8,FAILED
TXN365320,2025-05-04,Delhi,DEL-4,ACC19352,7371.43,SUCCESS
TXN240910,2025-05-04,Delhi,DEL-4,ACC92698,7860.25,PENDING
TXN108777,2025-05-04,Delhi,DEL-4,ACC40351,3080.09,SUCCESS
TXN972265,2025-05-04,Delhi,DEL-4,ACC11591,2661.59,SUCCESS
TXN291511,2025-05-04,Delhi,DEL-4,ACC24859,3063.15,FAILED
TXN176941,2025-05-04,Delhi,DEL-4,ACC13140,3307.68,PENDING
TXN961464,2025-05-04,Delhi,DEL-4,ACC68060,6356.43,PENDING
TXN596889,2025-05-04,Delhi,DEL-4,ACC14157,6305.33,SUCCESS
TXN170959,2025-05-04,Delhi,DEL-4,ACC22968,8812.87,SUCCESS
TXN791744,2025-05-03,Delhi,DEL-4,ACC21463,9007.06,SUCCESS
TXN767572,2025-05-03,Delhi,DEL-4,ACC26419,8106.94,FAILED
TXN565237,2025-05-03,Delhi,DEL-4,ACC29306,3426.66,SUCCESS
TXN855345,2025-05-03,Delhi,DEL-4,ACC64074,2871.09,PENDING
TXN740510,2025-05-03,Delhi,DEL-4,ACC80225,9301.48,PENDING
TXN766751,2025-05-03,Delhi,DEL-4,ACC43580,9445.57,SUCCESS
TXN285487,2025-05-03,Delhi,DEL-4,ACC33976,2991.33,SUCCESS
TXN974711,2025-05-03,Delhi,DEL-4,ACC77660,1930.07,SUCCESS
TXN340725,2025-05-03,Delhi,DEL-4,ACC64895,2700.13,SUCCESS
TXN229820,2025-05-03,Delhi,DEL-4,ACC38452,4972.57,SUCCESS
TXN385053,2025-05-03,Delhi,DEL-4,ACC37167,2984.13,SUCCESS
TXN945123,2025-05-03,Delhi,DEL-4,ACC24394,2616.09,SUCCESS
TXN885359,2025-05-03,Delhi,DEL-4,ACC81963,4723.81,SUCCESS
TXN567324,2025-05-03,Delhi,DEL-4,ACC98826,488.67,SUCCESS
TXN306296,2025-05-03,Delhi,DEL-4,ACC76820,1248.0,SUCCESS
TXN716652,2025-05-03,Delhi,DEL-4,ACC30268,1814.17,SUCCESS
TXN859431,2025-05-03,Delhi,DEL-4,ACC39044,2153.05,SUCCESS
TXN826392,2025-05-03,Delhi,DEL-4,ACC70214,8200.48,FAILED
TXN138706,2025-05-03,Delhi,DEL-4,ACC24552,8103.12,SUCCESS
TXN494903,2025-05-03,Delhi,DEL-4,ACC97154,4690.66,SUCCESS
TXN757125,2025-05-03,Delhi,DEL-4,ACC26467,8906.65,SUCCESS
TXN669839,2025-05-03,Delhi,DEL-4,ACC50823,9269.67,SUCCESS
TXN686067,2025-05-03,Delhi,DEL-4,ACC38172,7979.28,SUCCESS
TXN563171,2025-05-03,Delhi,DEL-4,ACC36408,4489.58,SUCCESS
TXN739941,2025-05-03,Delhi,DEL-4,ACC90602,8858.45,PENDING
TXN832258,2025-05-03,Delhi,DEL-4,ACC31723,1757.82,FAILED
TXN847870,2025-05-03,Delhi,DEL-4,ACC15678,1330.48,SUCCESS
TXN132552,2025-05-03,Delhi,DEL-4,ACC68759,140.58,SUCCESS
TXN143655,2025-05-03,Delhi,DEL-4,ACC64365,5131.01,FAILED
TXN926270,2025-05-03,Delhi,DEL-4,ACC62864,8160.04,FAILED
TXN654996,2025-05-03,Delhi,DEL-4,ACC97725,4466.28,FAILED
TXN508474,2025-05-03,Delhi,DEL-4,ACC61226,5444.23,SUCCESS
TXN999833,2025-05-03,Delhi,DEL-4,ACC68603,371.02,SUCCESS
TXN620078,2025-05-03,Delhi,DEL-4,ACC49352,9181.98,SUCCESS
TXN988001,2025-05-03,Delhi,DEL-4,ACC81800,7110.63,SUCCESS
TXN231432,2025-05-03,Delhi,DEL-4,ACC98630,3714.55,FAILED
TXN511911,2025-05-03,Delhi,DEL-4,ACC27276,8382.7,SUCCESS
TXN617014,2025-05-03,Delhi,DEL-4,ACC38450,214.05,FAILED
TXN824469,2025-05-03,Delhi,DEL-4,ACC75048,9786.01,SUCCESS
TXN223466,2025-05-03,Delhi,DEL-4,ACC49799,8685.04,FAILED
TXN929850,2025-05-03,Delhi,DEL-4,ACC81879,5072.89,SUCCESS
TXN978764,2025-05-03,Delhi,DEL-4,ACC11717,1977.79,PENDING
TXN253058,2025-05-03,Delhi,DEL-4,ACC59723,7523.31,SUCCESS
TXN586238,2025-05-03,Delhi,DEL-4,ACC15413,7716.77,SUCCESS
TXN585990,2025-05-03,Delhi,DEL-4,ACC37889,4034.39,SUCCESS
TXN397545,2025-05-03,Delhi,DEL-4,ACC44935,1585.8,SUCCESS
TXN266789,2025-05-03,Delhi,DEL-4,ACC65371,3512.48,SUCCESS
TXN554211,2025-05-03,Delhi,DEL-4,ACC61915,2843.74,SUCCESS
TXN363665,2025-05-03,Delhi,DEL-4,ACC39278,9041.62,SUCCESS
TXN505406,2025-05-03,Delhi,DEL-4,ACC45185,8399.63,SUCCESS
TXN529383,2025-05-03,Delhi,DEL-4,ACC57919,5912.24,SUCCESS
TXN185747,2025-05-03,Delhi,DEL-4,ACC82094,2157.18,SUCCESS
TXN564424,2025-05-03,Delhi,DEL-4,ACC79264,1155.75,SUCCESS
TXN492157,2025-05-03,Delhi,DEL-4,ACC48657,1049.64,FAILED
TXN450960,2025-05-03,Delhi,DEL-4,ACC15855,2152.31,SUCCESS
TXN544464,2025-05-03,Delhi,DEL-4,ACC95215,8725.55,FAILED
TXN214596,2025-05-03,Delhi,DEL-4,ACC71065,5879.82,SUCCESS
TXN500060,2025-05-03,Delhi,DEL-4,ACC73107,3745.02,FAILED
TXN241395,2025-05-03,Delhi,DEL-4,ACC10160,6403.78,SUCCESS
TXN173386,2025-05-03,Delhi,DEL-4,ACC49933,7909.98,SUCCESS
TXN755958,2025-05-03,Delhi,DEL-4,ACC67224,1566.95,PENDING
TXN200437,2025-05-03,Delhi,DEL-4,ACC34921,9320.14,SUCCESS
TXN282986,2025-05-03,Delhi,DEL-4,ACC64094,5853.67,SUCCESS
TXN987034,2025-05-03,Delhi,DEL-4,ACC77915,1257.4,SUCCESS
TXN550257,2025-05-03,Delhi,DEL-4,ACC11828,2558.76,SUCCESS
TXN726549,2025-05-03,Delhi,DEL-4,ACC54414,7273.16,SUCCESS
TXN823338,2025-05-03,Delhi,DEL-4,ACC83576,8449.54,SUCCESS
TXN775615,2025-05-03,Delhi,DEL-4,ACC41632,5446.01,SUCCESS
TXN700713,2025-05-03,Delhi,DEL-4,ACC24024,5601.05,SUCCESS
TXN485607,2025-05-03,Delhi,DEL-4,ACC29542,6003.03,FAILED
TXN356809,2025-05-03,Delhi,DEL-4,ACC67227,7029.57,SUCCESS
TXN191086,2025-05-03,Delhi,DEL-4,ACC20642,3743.1,SUCCESS
TXN171784,2025-05-03,Delhi,DEL-4,ACC54261,4542.75,SUCCESS
TXN955680,2025-05-03,Delhi,DEL-4,ACC22569,5769.66,SUCCESS
TXN938922,2025-05-03,Delhi,DEL-4,ACC18028,7533.13,FAILED
TXN516497,2025-05-03,Delhi,DEL-4,ACC40045,6572.72,SUCCESS
TXN907457,2025-05-03,Delhi,DEL-4,ACC94565,1919.15,SUCCESS
TXN126427,2025-05-03,Delhi,DEL-4,ACC78517,3164.33,SUCCESS
TXN731653,2025-05-03,Delhi,DEL-4,ACC54828,3726.14,SUCCESS
TXN276614,2025-05-03,Delhi,DEL-4,ACC76229,872.99,SUCCESS
TXN573719,2025-05-03,Delhi,DEL-4,ACC36084,5925.73,SUCCESS
TXN658866,2025-05-03,Delhi,DEL-4,ACC45111,6959.02,FAILED
TXN393016,2025-05-03,Delhi,DEL-4,ACC76151,5878.93,SUCCESS
TXN360072,2025-05-03,Delhi,DEL-4,ACC33811,7187.4,SUCCESS
TXN686887,2025-05-03,Delhi,DEL-4,ACC26768,3652.47,SUCCESS
TXN794266,2025-05-03,Delhi,DEL-4,ACC62819,8394.45,SUCCESS
TXN988656,2025-05-03,Delhi,DEL-4,ACC85705,6228.08,SUCCESS
TXN925726,2025-05-03,Delhi,DEL-4,ACC18365,5931.53,FAILED
TXN562542,2025-05-03,Delhi,DEL-4,ACC79013,7940.8,PENDING
TXN948966,2025-05-03,Delhi,DEL-4,ACC64270,1517.83,SUCCESS
TXN533576,2025-05-03,Delhi,DEL-4,ACC86710,3641.02,SUCCESS
TXN911736,2025-05-03,Delhi,DEL-4,ACC10582,3756.22,SUCCESS
TXN680520,2025-05-03,Delhi,DEL-4,ACC44797,2368.22,SUCCESS
TXN533787,2025-05-03,Delhi,DEL-4,ACC56117,1094.86,PENDING
TXN834732,2025-05-03,Delhi,DEL-4,ACC85674,5004.43,SUCCESS
TXN125485,2025-05-03,Delhi,DEL-4,ACC60037,4045.92,SUCCESS
TXN365008,2025-05-03,Delhi,DEL-4,ACC97529,2252.45,SUCCESS
TXN776528,2025-05-03,Delhi,DEL-4,ACC19348,8154.68,SUCCESS
TXN888817,2025-05-03,Delhi,DEL-4,ACC60372,5253.83,SUCCESS
TXN196395,2025-05-03,Delhi,DEL-4,ACC62321,367.35,SUCCESS
TXN724617,2025-05-02,Delhi,DEL-4,ACC50125,994.61,FAILED
TXN618855,2025-05-02,Delhi,DEL-4,ACC18893,5567.99,FAILED
TXN853724,2025-05-02,Delhi,DEL-4,ACC63571,9222.73,SUCCESS
TXN865225,2025-05-02,Delhi,DEL-4,ACC98636,2239.05,SUCCESS
TXN679932,2025-05-02,Delhi,DEL-4,ACC86623,191.46,FAILED
TXN687290,2025-05-02,Delhi,DEL-4,ACC40148,9066.94,SUCCESS
TXN258362,2025-05-02,Delhi,DEL-4,ACC79341,8797.35,FAILED
TXN240889,2025-05-02,Delhi,DEL-4,ACC34200,3602.29,SUCCESS
TXN343123,2025-05-02,Delhi,DEL-4,ACC17342,1101.98,SUCCESS
TXN169923,2025-05-02,Delhi,DEL-4,ACC16410,4333.04,FAILED
TXN420723,2025-05-02,Delhi,DEL-4,ACC83278,5046.22,SUCCESS
TXN677276,2025-05-02,Delhi,DEL-4,ACC89395,9516.89,FAILED
TXN341372,2025-05-02,Delhi,DEL-4,ACC47615,1375.04,SUCCESS
TXN799981,2025-05-02,Delhi,DEL-4,ACC64658,2268.72,SUCCESS
TXN840543,2025-05-02,Delhi,DEL-4,ACC62916,149.07,SUCCESS
TXN273216,2025-05-02,Delhi,DEL-4,ACC15658,3934.41,SUCCESS
TXN860414,2025-05-02,Delhi,DEL-4,ACC76226,2212.31,SUCCESS
TXN620467,2025-05-02,Delhi,DEL-4,ACC87758,7617.94,FAILED
TXN823430,2025-05-02,Delhi,DEL-4,ACC91127,8570.28,SUCCESS
TXN231362,2025-05-02,Delhi,DEL-4,ACC59590,2132.11,SUCCESS
TXN219646,2025-05-02,Delhi,DEL-4,ACC20081,5951.49,SUCCESS
TXN154806,2025-05-02,Delhi,DEL-4,ACC39215,829.01,SUCCESS
TXN785358,2025-05-02,Delhi,DEL-4,ACC81343,9923.74,SUCCESS
TXN396782,2025-05-02,Delhi,DEL-4,ACC90650,1556.66,FAILED
TXN290977,2025-05-02,Delhi,DEL-4,ACC84362,4081.05,SUCCESS
TXN856727,2025-05-02,Delhi,DEL-4,ACC15755,7594.59,SUCCESS
TXN562064,2025-05-02,Delhi,DEL-4,ACC43308,4681.57,SUCCESS
TXN327636,2025-05-02,Delhi,DEL-4,ACC96908,2906.54,SUCCESS
TXN645853,2025-05-02,Delhi,DEL-4,ACC55654,6294.6,SUCCESS
TXN638969,2025-05-02,Delhi,DEL-4,ACC40697,9514.38,SUCCESS
TXN109625,2025-05-02,Delhi,DEL-4,ACC57649,6226.16,SUCCESS
TXN787454,2025-05-02,Delhi,DEL-4,ACC65671,1478.41,SUCCESS
TXN590726,2025-05-02,Delhi,DEL-4,ACC38671,3023.94,SUCCESS
TXN102998,2025-05-02,Delhi,DEL-4,ACC97782,4294.19,SUCCESS
TXN272574,2025-05-02,Delhi,DEL-4,ACC66295,6895.48,PENDING
TXN549311,2025-05-02,Delhi,DEL-4,ACC55202,5573.55,SUCCESS
TXN868725,2025-05-02,Delhi,DEL-4,ACC70992,1010.65,SUCCESS
TXN885366,2025-05-02,Delhi,DEL-4,ACC95474,8358.65,SUCCESS
TXN522741,2025-05-02,Delhi,DEL-4,ACC72141,5856.57,SUCCESS
TXN435060,2025-05-02,Delhi,DEL-4,ACC69796,4783.14,SUCCESS
TXN335567,2025-05-02,Delhi,DEL-4,ACC74215,8932.18,SUCCESS
TXN923330,2025-05-02,Delhi,DEL-4,ACC65587,2874.31,SUCCESS
TXN216844,2025-05-02,Delhi,DEL-4,ACC44150,6854.92,SUCCESS
TXN618994,2025-05-02,Delhi,DEL-4,ACC96299,918.21,FAILED
TXN928829,2025-05-02,Delhi,DEL-4,ACC52350,8125.83,SUCCESS
TXN682724,2025-05-02,Delhi,DEL-4,ACC75589,2389.43,SUCCESS
TXN705461,2025-05-02,Delhi,DEL-4,ACC57312,8748.49,SUCCESS
TXN977879,2025-05-02,Delhi,DEL-4,ACC84741,7396.26,SUCCESS
TXN511248,2025-05-02,Delhi,DEL-4,ACC16940,6720.65,SUCCESS
TXN748934,2025-05-02,Delhi,DEL-4,ACC22538,5113.98,SUCCESS
TXN607975,2025-05-02,Delhi,DEL-4,ACC88622,8090.75,SUCCESS
TXN270094,2025-05-02,Delhi,DEL-4,ACC56080,2017.14,SUCCESS
TXN429815,2025-05-02,Delhi,DEL-4,ACC65013,9124.18,SUCCESS
TXN511718,2025-05-02,Delhi,DEL-4,ACC89496,9248.39,SUCCESS
TXN985200,2025-05-02,Delhi,DEL-4,ACC38625,2295.98,FAILED
TXN535968,2025-05-02,Delhi,DEL-4,ACC17569,408.81,SUCCESS
TXN298245,2025-05-02,Delhi,DEL-4,ACC21101,1319.78,SUCCESS
TXN762105,2025-05-02,Delhi,DEL-4,ACC81682,5042.28,SUCCESS
TXN840360,2025-05-02,Delhi,DEL-4,ACC92741,4639.78,SUCCESS
TXN767447,2025-05-02,Delhi,DEL-4,ACC58183,9657.66,SUCCESS
TXN185422,2025-05-02,Delhi,DEL-4,ACC75067,6413.91,SUCCESS
TXN821345,2025-05-02,Delhi,DEL-4,ACC17907,2647.61,PENDING
TXN630597,2025-05-02,Delhi,DEL-4,ACC79598,7438.11,SUCCESS
TXN741526,2025-05-02,Delhi,DEL-4,ACC62708,7258.28,PENDING
TXN599340,2025-05-02,Delhi,DEL-4,ACC38433,1610.06,SUCCESS
TXN540923,2025-05-02,Delhi,DEL-4,ACC67730,377.61,SUCCESS
TXN613504,2025-05-02,Delhi,DEL-4,ACC22380,8116.53,SUCCESS
TXN324700,2025-05-02,Delhi,DEL-4,ACC81695,5961.75,SUCCESS
TXN627833,2025-05-02,Delhi,DEL-4,ACC45511,5760.08,SUCCESS
TXN244855,2025-05-02,Delhi,DEL-4,ACC40142,4219.25,SUCCESS
TXN981903,2025-05-02,Delhi,DEL-4,ACC31519,211.11,SUCCESS
TXN674774,2025-05-02,Delhi,DEL-4,ACC24647,3051.32,SUCCESS
TXN771571,2025-05-02,Delhi,DEL-4,ACC19990,7809.52,FAILED
TXN985640,2025-05-02,Delhi,DEL-4,ACC72591,5226.67,PENDING
TXN478084,2025-05-02,Delhi,DEL-4,ACC12007,8324.22,FAILED
TXN250357,2025-05-02,Delhi,DEL-4,ACC22452,9522.11,SUCCESS
TXN696099,2025-05-02,Delhi,DEL-4,ACC43578,4475.82,SUCCESS
TXN217194,2025-05-02,Delhi,DEL-4,ACC61083,5656.28,SUCCESS
TXN209876,2025-05-02,Delhi,DEL-4,ACC48714,670.92,SUCCESS
TXN736340,2025-05-02,Delhi,DEL-4,ACC57531,1875.56,SUCCESS
TXN773956,2025-05-02,Delhi,DEL-4,ACC81525,827.75,SUCCESS
TXN786654,2025-05-02,Delhi,DEL-4,ACC80783,8976.63,SUCCESS
TXN740269,2025-05-02,Delhi,DEL-4,ACC11661,977.39,FAILED
TXN122863,2025-05-02,Delhi,DEL-4,ACC83362,2353.74,SUCCESS
TXN796819,2025-05-02,Delhi,DEL-4,ACC57820,421.33,SUCCESS
TXN196745,2025-05-02,Delhi,DEL-4,ACC76920,587.11,FAILED
TXN844740,2025-05-02,Delhi,DEL-4,ACC28074,6128.79,SUCCESS
TXN341482,2025-05-02,Delhi,DEL-4,ACC59769,4820.7,FAILED
TXN590035,2025-05-02,Delhi,DEL-4,ACC91895,7861.51,SUCCESS
TXN421130,2025-05-02,Delhi,DEL-4,ACC57169,7130.45,SUCCESS
TXN517811,2025-05-02,Delhi,DEL-4,ACC78332,2584.38,SUCCESS
TXN292348,2025-05-02,Delhi,DEL-4,ACC79365,795.4,SUCCESS
TXN432353,2025-05-02,Delhi,DEL-4,ACC54560,7212.02,SUCCESS
TXN289955,2025-05-02,Delhi,DEL-4,ACC59465,7753.18,SUCCESS
TXN510422,2025-05-02,Delhi,DEL-4,ACC35766,7142.11,SUCCESS
TXN810025,2025-05-02,Delhi,DEL-4,ACC84402,7432.65,SUCCESS
TXN576392,2025-05-02,Delhi,DEL-4,ACC28093,8146.43,FAILED
TXN350230,2025-05-02,Delhi,DEL-4,ACC13216,534.79,SUCCESS
TXN287901,2025-05-02,Delhi,DEL-4,ACC50847,9763.85,SUCCESS
TXN961943,2025-05-02,Delhi,DEL-4,ACC12827,3171.76,SUCCESS
